Kata,Jumlah
ai,1441
hrus,3
tekan,11
etika,1028
guna,203
lahir,6
lingkup,2
ilmuwan,2
dalam,23
tahap,7
ujicoba,1
failsafe,1
mah,13
bingung,8
paham,82
memang,24
science,2
isnt,2
excatly,1
an,5
exact,1
but,5
still,1
temu,7
halus,2
tipu,6
cerdas,32
buat,39
respons,4
masalah,7
tantang,26
kembang,63
aman,29
teknologi,94
komdigi,7
dewan,5
pers,5
tingkat,10
jurnalistik,5
jaga,21
kualitas,9
informasi,18
era,14
digital,31
lindung,21
independensi,1
media,27
demokrasi,6
simak,3
lengkap,6
oke,7
ka,3
yuji,1
maksud,12
emang,45
sisi,31
kontroversial,4
hak,105
cipta,106
pakai,204
seruseruan,1
nyontek,4
gaya,33
jual,21
thanks,2
for,9
the,28
reminder,1
menkomdigi,4
jurnalisme,4
sobatkom,2
gempur,2
pesat,7
dunia,36
kompleks,8
meutya,1
hafid,1
peran,13
kerja,69
hr,1
ngerasa,3
lu,60
superior,2
salah,62
judge,1
orang,178
enak,4
ngga,24
profesional,5
minus,2
hrnya,1
divisi,1
ngeselinnya,1
cih,1
wamendikdasmen,1
apresiasi,4
bekal,6
kalau,7
tgok,1
group,1
local,2
dah,15
bibit,1
religious,1
prompters,2
visual,5
artis,19
manual,7
nak,6
lukis,4
suka,28
hati,11
batas,50
mahir,4
klau,2
dibakulsampahkan,1
standar,11
tulis,18
sekarang,11
diturunin,1
tuduh,6
coy,1
elahhhhh,1
alas,7
ajar,102
bahasa,20
indonesia,80
kbbi,1
dll,13
nulis,6
bagus,23
sengaja,3
jelek,9
gara,1
takut,16
ngaku,2
no,19
tracing,1
plek,2
ketiplek,2
gimana,23
kek,18
slogan,1
dipake,23
fomo,6
lupa,10
besar,2
gena,8
karya,109
proper,2
credit,1
consent,14
bzz,1
komen,2
template,1
beneran,8
dongo,3
komennya,1
bela,7
lamar,2
eh,5
kocak,6
butuh,26
ngomong,12
songong,1
banget,62
kg,1
nyuruh,5
hrd,3
tidak,96
ada,16
attitude,3
gtu,6
lepas,4
buruk,10
perintah,43
landas,6
menkominfo,2
terbit,5
artifisial,2
tajam,2
bawah,1
junjung,5
transparansi,10
milik,19
akuntabilitas,3
filantropi,1
jabat,15
publik,20
hatihati,5
hindar,6
bentur,1
penting,6
percaya,11
manfaat,51
grok,48
xai,25
manipulasi,2
gambar,107
hapus,9
foto,23
etis,38
edit,8
muncul,12
privasi,39
proses,14
data,91
empati,9
nilai,39
bijaksana,2
manusia,128
ganti,31
baca,16
kompasiana,1
singkat,1
hadir,8
peluang,8
seni,94
timbul,12
dilema,4
profesi,10
seniman,50
jiwa,5
sosial,36
reaksi,2
agam,2
kagum,2
mudah,17
fenomena,2
buka,9
isu,36
hukum,100
izin,36
tentang,21
jokowi,16
prabowo,19
cium,6
sopan,23
langgar,90
presiden,18
nampak,1
rakyat,16
tindas,2
aseng,1
oligarki,1
pimpin,9
gereja,1
katolik,4
paus,1
leo,1
xiv,1
suara,11
prihatin,1
dampak,35
md,1
agama,9
soal,2
benarsesat,1
halalharam,1
sikap,6
algoritma,6
masif,6
banding,5
transhumanisme,2
gen,18
masyarakat,16
designer,2
protes,3
bahaya,16
gubris,3
kampanye,7
sebar,4
ngapain,11
mikirin,6
ndasmu,3
etik,16
acara,6
skor,1
resistensi,1
jurus,1
lebih,5
latih,24
pikir,26
kritis,6
retorika,1
adil,12
kurang,12
sukses,2
kompetisi,2
intuisi,3
bantu,81
manajer,1
kay,1
disalahgunakan,5
regulasi,82
porno,2
bangun,14
fondasi,1
malu,5
ih,1
udah,67
zaman,8
post,7
modern,4
gin,33
atur,55
dasar,40
chatgpt,11
dapet,5
hasil,33
smartphone,2
benar,36
pidana,4
hakim,3
mk,5
mahasiswi,7
nir,6
adab,30
tua,7
adegan,3
senonoh,8
dijaminin,1
marak,2
generatif,6
chatbot,3
pembuatpengedit,1
video,15
picu,18
fokus,35
anggap,18
samudera,1
ombak,1
pantai,2
aigeneratif,1
dahsyat,2
karna,10
mahasiswikok,1
otak,10
konsekuensi,2
meme,6
nyaini,1
republik,1
hts,1
kuasa,12
bumi,4
situasi,1
cari,14
solusi,6
alat,24
tugas,19
spesifik,7
risiko,22
superintelijen,1
teliti,10
cegah,11
bukan,5
tinggal,15
atau,6
lbh,6
juga,24
realita,1
blur,1
terus,14
misinformasi,5
senjata,4
mati,4
jaman,6
ps,2
bloon,2
kayak,79
wapresnya,4
daya,4
rusak,11
keluarga,4
mulyono,1
konstitusi,12
disamain,1
mgomong,1
pdhl,2
dibuatin,1
ckckc,1
apa,8
bijak,21
daripada,4
orla,1
guys,3
inti,3
kritik,36
blh,1
pedas,1
its,5
ok,2
tapi,31
smpe,1
aneh,11
ckup,1
gy,1
pmrthn,1
kebijkn,1
social,1
impact,1
pljri,1
ite,9
skdr,1
phm,1
slm,1
pershbtn,1
ganda,2
aku,75
tuju,44
nyerempet,1
diapaapain,1
dorong,9
angkat,4
kasuskasus,1
nambahin,3
akibat,4
program,9
canang,1
wapres,23
mahasiswa,7
tangkap,2
moral,56
perkosa,1
kpu,1
saya,6
korupsi,3
triliun,2
ancam,14
doang,9
ham,6
usak,1
dipujapuja,1
kesel,6
laba,1
wkwkwk,8
lucu,5
negeri,6
abur,3
anakcewe,1
korban,5
polkis,1
diem,3
gilir,5
gibran,29
pilih,20
cawapresnya,5
oposisi,4
koar,14
itb,6
kata,6
bebas,15
ekspresi,7
sbg,15
idealisme,1
norma,12
biar,6
timbang,10
segi,11
rasional,1
sadar,11
gampang,6
bpkibu,1
gitu,22
id,16
mengenerate,1
prompt,10
patit,1
beri,1
mustahil,1
yantie,1
kog,1
isi,6
digembargembrokan,1
mbuk,1
lhoo,1
didik,28
urgent,1
karakter,7
bisa,6
jalan,10
dari,18
repot,1
delik,2
susila,3
ngomong-ngomong,6
ybs,1
pro,15
negara,35
tuk,1
bahas,39
qrt,1
langsung,17
pesan,2
ngetes,2
revenge,1
porn,1
peduli,17
guwehh,1
naroh,1
sosmed,7
jomok,2
simpang,4
munafik,1
bet,2
tabrak,4
mencla,2
mencle,2
syp,1
uts,2
ni,21
dukung,18
bangga,5
wajar,12
couple,1
favorit,1
harga,24
cast,2
hashtag,1
tunjuk,3
sorot,5
dpp,1
ekspres,2
bunuh,8
bangsa,3
hina,16
teriak,1
sajam,2
bacok,1
luka,4
disalahin,2
gua,27
cuman,8
urus,9
rame,5
sayang,8
tuhan,3
kasih,29
akal,8
keras,5
rezim,1
fasis,1
silah,3
iq,3
sembarang,4
kau,7
monyet,1
dam,1
depan,10
mbak,3
tpi,8
sprtinya,2
mesin,10
ngasih,9
saran,11
kurikulum,18
santun,11
uu,17
kait,29
kaji,7
coba,20
bayang,11
anakanak,3
sd,14
muat,3
digembargemborkan,1
bangan,1
maya,2
baikbenar,1
etikasopan,1
diajarin,21
udh,19
kenal,7
pasal,5
karet,1
dengerin,1
mencak,1
asu,1
kaga,4
gemborgemborin,1
edukasi,3
jarang,4
ngeliat,4
beliau,5
omongin,1
jadi,12
berani,8
ruu,3
timur,1
prett,1
sebutin,2
cewe,4
ngelapor,1
polisi,7
ginian,1
cepet,7
jingan,1
ucap,3
idul,1
fitri,1
plagiat,1
copyright,17
film,8
dune,3
produksi,2
warner,3
bros,5
situ,5
perkara,3
nama,17
wkwkw,1
gunain,7
botol,1
sepenuh,5
tiru,14
kreativitas,22
ambil,28
putus,17
kontekstual,1
emosional,5
sulit,12
ikan,1
busuk,1
kepala,6
imo,3
fiktif,5
bentuk,12
engga,6
caper,1
haus,1
exposure,1
sampe,23
sok,5
konteks,27
ghibli,75
harmless,2
capernya,1
puber,1
jr,2
uuite,1
aplg,1
abu,4
wilayah,1
sesuai,25
lagi,6
jamanaplg,1
uuitentar,1
karikatur,4
bikin,7
diblg,1
ntar,5
celana,1
pendek,1
kontradiktif,1
apaapa,2
dibales,1
contoh,15
alias,1
ngeprompt,2
ngamuk,1
they,4
said,1
teriakteriak,1
tolol,9
majelis,2
hormat,10
gih,1
calon,2
larang,12
ichsan,1
pisau,9
masak,1
trgantung,1
rulesnya,1
la,6
nyambungnya,1
animasi,8
teknis,6
myheritage,1
deep,2
nostalgia,1
gera,1
realistis,3
pasti,8
bidang,15
petinggi,1
sehat,13
serah,3
idi,1
nuklir,2
tani,1
hankam,1
ber,2
voter,1
bilang,8
share,7
kiss,1
punyak,1
ngelanggar,3
deh,11
lihat,25
pas,20
ngomongin,15
ngebela,2
rewardnya,1
gede,7
esuk,1
mas,23
surat,13
edar,12
menteri,9
kominfo,6
nomor,3
pandu,15
sifat,4
sukarela,1
sangsi,1
komprehensif,1
europe,3
ref,1
reason,1
why,3
we,3
must,1
have,2
regulation,1
sukarelasemoga,1
scu,2
gelar,4
dosen,18
literasi,11
ugm,1
uin,2
aji,2
riset,14
pke,2
endal,2
jahat,11
gantung,14
hidup,38
normalisasi,4
diri,2
diskusi,18
lintas,3
sektor,7
lanjut,5
artificial,7
intelligence,7
potensi,20
lingkung,13
nyata,9
daftar,3
arizona,1
christopher,1
pelkey,2
mangsa,2
kesan,5
mahkamah,1
tu,23
maaf,20
selar,1
watak,1
bimbang,3
undangundang,8
wr,3
tweet,12
logika,12
kaum,1
ignorance,1
false,1
analogy,1
sudrajad,1
khawatir,29
insiden,2
robot,8
unitree,1
gagal,4
china,7
perilaku,3
duga,2
kode,13
fisik,2
hilang,11
up,3
fasilkom,1
ui,2
ngepalain,1
mebdorong,1
filkom,1
univ,1
ikut,11
kena,12
gong,1
mampu,14
imbang,9
kunci,5
kak,7
sampean,2
telanjang,2
gaul,1
dn,1
orng,6
hewan,3
sik,1
lev,1
kamu,14
celup,1
perawan,1
cut,1
off,1
lanjutin,1
hubung,10
lembaga,2
janga,1
aplikasi,8
les,1
mengencourage,1
interpretasi,4
mesra,1
politik,11
dijelasin,2
mana,14
segar,1
gabakal,2
rugi,12
nyusun,2
barat,1
tahu,10
ilmu,7
jago,2
dekk,1
bukti,11
kuat,15
overuse,1
luas,14
layan,8
manajemen,1
bencana,3
awas,9
pedoman,9
ojk,1
khusus,5
kondisi,3
akademik,5
kampanyekomersil,1
ngerugiin,1
sembah,2
lebaran,2
salahin,1
niru,3
laku,13
gblknya,1
kendali,8
yuk,6
rencana,6
penyalahgunaan,9
konten,18
tanggung,14
efek,2
tentu,7
postingan,6
trsebut,1
hnya,1
ktika,2
peraturanlandasan,1
sama,10
postingannya,1
predesen,1
reply,4
ngebahas,2
etikatata,1
krama,2
while,1
itself,1
nyolong,12
brutal,1
math,2
mathing,1
ubah,15
global,10
rutin,6
langgan,2
insinyur,1
neng,8
wajah,6
in,7
positive,1
way,1
gabisa,9
ngekritik,1
dibilangin,1
didenger,3
langkah,6
ditangkep,2
kardinal,2
komunikasi,8
dokumen,2
vatikan,3
antiqua,1
et,1
nova,1
januari,1
lapor,7
email,1
tai,4
generative,19
disalahgunain,1
perempuan,1
muka,5
otoriter,1
awowkkwkw,1
cuat,2
didnt,3
get,2
it,5
dengan,3
your,3
words,2
nalar,3
menyalahgunakan,1
sarkas,1
transformasi,1
inklusif,1
akses,11
guru,11
sahabat,1
budaya,7
kaya,21
gotong,1
royong,1
jujur,14
semenjak,2
masuk,17
normies,1
nikmat,3
berfandom,3
ilang,1
sedih,11
bagaimana,8
artist,28
instrumen,1
administratif,2
instruksi,3
usaha,14
selenggara,3
sistem,18
elektronik,3
susun,5
internal,3
pribadi,14
achmadi,1
ooo,1
terima,7
peka,1
ikat,6
nunjukin,2
pres,1
implementasi,3
dapat,15
thread,4
nekankan,1
kreatif,22
discuss,1
topik,14
eksplisit,2
ever,1
integrasi,4
talenta,2
terampil,4
akhlak,3
sains,6
digitalisasi,2
tren,16
personal,2
abad,1
jkt,5
kabar,2
interaksi,6
komunitas,8
gemar,8
seru,8
fan,3
art,34
cerita,13
tools,6
midjourney,3
asli,17
polri,2
waw,7
promotor,2
kukuh,2
kecekapan,2
cina,2
teo,1
strim,1
live,1
mytv,1
manamana,2
unifi,1
tv,4
astro,1
go,1
perhati,7
aan,1
haha,7
berak,1
selfie,1
serius,10
posting,3
kereta,1
risih,1
kai,1
tumpang,1
matkul,6
jackson,1
wang,1
najwa,1
shihab,1
kutip,4
bicara,7
point,3
roadmap,1
on,2
cooked,1
tata,3
kelola,6
interoperabilitas,1
reskiling,1
worker,1
mitigasi,1
resiko,4
thd,5
tenaga,4
inovasi,15
komersialisasi,2
nasional,3
metaverse,2
alami,4
geser,2
makna,4
cakup,6
hibur,6
virtual,1
ramai,7
tonjol,1
influencer,1
lil,1
miquela,1
juta,6
tawar,4
untung,10
biaya,4
murah,7
kontrol,4
penuh,7
brand,5
uud,1
utama,11
jamin,4
warga,3
maju,17
iptek,2
lawan,6
efficient,1
theres,1
lot,1
of,13
possibilities,1
laju,1
ngirim,1
gawr,1
gura,1
cepat,14
deepfake,6
faham,3
idea,6
sekolah,10
pantau,4
rana,1
fasa,1
memjana,1
eg,1
esei,1
resourceful,1
push,1
halhal,3
dipelajarin,1
otodidak,1
matematika,5
lho,6
mnrt,2
anakga,1
maklum,1
temen,8
ngasal,2
smoga,1
aliansi,1
jurnalis,2
independen,2
kota,1
tanjungpinang,1
dinas,1
informatika,4
diskominfo,1
provinsi,1
pulau,1
riau,1
kepri,1
akademisi,1
tanya,3
kategori,1
sensi,1
cuap,2
substansi,1
bareng,4
lambat,6
kultural,1
warpres,1
analisis,15
simulasi,2
faktor,6
wardana,4
diarahin,1
kualifikasi,3
sebenernya,9
apain,2
pandai,3
tetap,8
syarat,2
pakar,2
desa,2
wajib,5
parah,3
rakabuming,1
raka,1
tarik,12
ekonomi,13
proyeksi,1
kontribusi,2
miliar,2
gdp,1
terap,7
siswa,6
sdsmp,1
liput,2
amerika,5
serikat,4
aik,1
korea,1
selatan,1
pemrograman,1
tiongkok,1
kelas,8
usia,2
estonia,1
progetiger,1
inggris,3
kanada,1
anak,20
fufufafa,2
sapiens,2
thank,1
you,10
scr,5
objektif,2
materi,9
iya,16
niat,1
ngenalin,1
mantik,1
minat,3
minimal,5
nyentuh,3
seminar,3
mhm,2
pamer,3
buku,10
internasional,4
dhabi,2
intelektual,6
edisi,3
sabtu,1
paviliun,1
hukama,1
muslimin,1
kun,2
darurat,2
mental,3
mata,14
etikabudi,1
pekerti,3
bina,1
dijejeli,1
spill,1
lead,1
time,4
populasi,1
diskursusnya,2
ahli,5
progres,1
robotik,3
tetep,12
labor,4
drastis,1
prgib,1
nang,3
harfiah,1
sblm,3
mbg,1
dijalanin,1
dilakuin,2
gapapa,4
usul,3
adaptasi,14
logis,1
sistemis,1
struktur,1
garis,8
start,1
dibenerin,1
rumah,2
ortu,2
apik,1
seko,1
hhh,1
pondasinya,1
smp,2
sma,3
hadap,5
bas,10
saing,8
ngerti,12
machine,9
learning,8
nlp,1
kuuran,1
metode,2
simply,2
ktk,1
crawling,3
sumber,12
internet,11
kredit,2
wo,1
supervision,1
cont,3
yahh,1
swmnagat,1
dehhhh,1
gueee,1
mending,8
duluuu,1
yaa,5
turut,11
fungsi,7
masyakat,1
minim,4
pinter,7
kalah,9
paman,1
adik,2
ipar,2
walikota,1
tum,1
partai,1
aktivitas,1
seharihari,5
urut,1
computational,1
thinking,2
loncat,1
ngajarin,3
stepbystep,1
alpha,1
beta,2
matpel,1
cantik,4
erti,3
sejarah,4
dos,2
donts,2
praktis,3
spt,2
prompting,6
efektif,1
heran,3
dst,1
dsb,2
gagap,1
rumus,1
strategis,1
augmentasi,1
skill,4
tahan,7
jebak,1
aware,2
bias,15
normal,3
degradasi,1
kapabilitasnya,1
leadership,1
mumpuni,1
track,2
record,2
gubal,1
rancang,17
tadbir,2
aige,2
rujuk,4
awal,4
selia,4
bawa,7
kendala,2
collecting,1
user,4
sungguh,1
menang,3
pilpres,1
kemarin,8
milu,4
pku,1
prinsip,12
fundamentalbasicnya,1
kosong,2
benerin,2
basic,3
ahlaq,1
budi,4
diinstall,1
chang,1
lih,1
kang,1
insting,1
suruh,8
stop,1
regulasietika,1
ti,2
life,3
skills,1
disiplin,1
solidaritas,1
kewartawanan,2
nujm,1
sedia,4
kerjasama,1
wujud,4
tubuh,1
majlis,1
harap,5
tamat,1
wartawan,1
akta,1
cetak,1
pppa,1
pandang,13
waspada,3
gembor,1
instead,3
komputasional,1
aduh,1
goblok,4
komputer,6
nambah,2
ajg,2
python,1
fase,1
entar,1
to,11
be,4
honest,1
kali,8
inevitably,1
hari,3
diembrace,1
abuse,1
konsumsi,4
tetiba,1
skip,2
australia,1
konsep,6
natural,1
language,2
processing,2
computer,1
vision,1
aisemua,1
produktif,2
menjungjung,2
luhur,1
feodalisme,1
versi,3
spiritual,2
jangkau,2
misrepresentasi,1
nuansa,2
doktrin,2
nasihat,1
bahawa,1
sahaja,1
sampai,3
berita,6
akhbar,1
angka,1
malaysia,7
baik,10
indah,2
optimal,3
dibarengin,1
is,9
tool,4
empower,1
human,2
pada,4
berkaryabikin,1
limit,1
diketawaiin,1
woozi,1
melulu,3
bah,1
jahar,1
ngakak,1
gencar,1
promosi,8
kompetitif,2
keren,13
coding,6
drama,3
bayangin,3
main,17
eksplor,1
planet,1
sibuk,2
pesona,1
ajaib,1
pagar,1
kokoh,1
tatih,1
blm,8
antiai,4
ngumpulin,4
ngolah,2
chat,4
wa,3
tumpuk,2
banyak,11
kecuali,5
scam,1
halal,1
malas,5
mikir,8
kini,1
mei,1
ibas,1
iklim,2
asean,1
al,3
kooperatif,1
tlap,1
wakil,9
emosi,10
manusiawi,1
krisis,1
diplomasi,1
wth,1
ku,7
rem,3
alih,3
luar,1
concern,2
selubung,1
damn,1
kampus,10
dibolehin,2
strictly,1
helping,1
research,6
ethics,7
bolos,2
tertawa,2
least,2
can,3
do,3
refund,1
tutup,2
kantor,1
sepuh,1
negatif,7
detail,1
sense,1
terjemah,1
trmsuk,1
negarawan,2
ujug,1
menantu,1
ponakan,1
sepupu,1
fair,3
unik,5
tabiat,1
enggan,1
konservatif,1
slide,2
simpel,3
flow,1
chart,1
upaya,1
pancing,1
need,2
more,2
context,1
debat,43
kontra,4
curiga,2
kyknya,1
tipe,1
boomer,2
hype,3
wkwk,6
slidenya,1
mateng,1
regulsi,1
eventually,1
koreksi,2
standart,1
eug,1
kuliah,9
opini,7
dkv,3
jumbo,2
anda,2
selesai,9
qrtnya,1
dokumentasi,1
make,7
kah,4
depkom,1
unair,1
fasilitas,2
parafrase,1
kalimat,1
bodo,1
profesionalitas,1
nuntut,2
kandidat,1
gamau,7
leading,1
by,2
example,1
hipokrit,2
ken,7
nonton,4
diselenggarain,1
dkj,2
kemendikdasmen,1
abdul,1
muti,1
umum,1
sdsma,1
nyaranin,1
boong,1
shrsnya,1
kerangka,4
problem,6
ringkes,1
produk,7
divalidasi,1
prediksi,6
kalkulasi,1
problematik,2
amal,1
elak,1
babad,1
universitas,1
zurich,1
eksperimen,3
reddit,1
kontroversi,12
bot,2
memposting,1
komentar,4
subreddit,1
rchangemyview,1
november,1
maret,7
berpurapura,1
persona,1
pengaruh,9
daulat,1
cloud,2
generate,12
pic,1
helpful,1
depends,1
how,1
use,2
nder,1
yeah,3
wise,1
overhate,2
tolak,15
mentah,1
diperjalas,1
batasanbatasannya,1
benci,6
otakknya,1
komersil,2
maluin,1
dl,3
pelajarin,1
ringan,2
gathering,1
inet,2
gbs,1
creating,1
ngambil,6
modifikasi,2
dicancel,1
ide,8
abis,4
comot,2
nanya,8
google,9
iklan,4
sastra,2
cermin,4
skala,2
sabotase,1
janji,2
platform,8
jawab,4
industri,18
tambah,2
dolar,1
april,8
syawal,1
jom,1
mcmc,1
microsoft,4
teach,1
laksana,1
sarawak,1
perkasa,1
asas,3
jendral,1
mnurutmu,1
kirim,1
layat,1
bkankah,1
sj,4
mncoreng,1
arang,1
kepada,1
prsoalan,1
occrp,1
mmng,1
bg,2
selamat,6
dri,2
pngadilan,1
brharap,1
abadi,2
truuu,1
lokal,5
faedah,1
nxi,1
transparan,6
antirusak,1
antitekanan,1
fakultas,4
teknik,2
elektro,1
giat,11
desain,10
bolehengga,1
tolerir,1
fun,2
project,2
projek,1
kayaknyabelum,1
hiroki,2
op,1
batesan,1
nyimpen,1
ingetan,1
cocoon,1
conan,1
shinichi,1
mindblowing,1
benak,1
otot,1
lunak,1
memori,1
dna,1
android,2
dekat,3
tugastugas,1
awat,1
lansia,1
boncos,1
ainya,5
kasar,2
sarkastik,2
hitung,1
investasi,2
thanos,1
peace,1
set,3
arah,8
deteksi,4
militer,6
kynya,1
rights,2
yak,2
commercial,2
cuma,6
kursus,1
pengunaan,1
short,1
kisah,1
tirai,1
realitas,1
keri,1
kontemporer,1
bioteknologi,1
eksplorasi,3
eksistensial,1
filsafat,3
margaret,1
mitchell,1
hugging,1
face,1
wired,1
dataset,15
uji,2
model,9
inisiatif,2
ssetuju,1
volantis,1
powerful,3
sakit,4
nali,1
hoaks,1
perang,3
vs,8
mihak,1
fokusin,1
kolaborasi,5
konflik,4
ngelawan,1
spekulasi,2
fiksi,1
sing,2
viral,6
kurleb,1
black,4
mirror,1
joan,1
awful,1
ngomongnya,1
dengerdenger,1
thumbnailnya,1
belah,5
jangka,1
ajak,1
dikit,4
minggu,3
plagiarism,1
naudzubillah,1
min,2
dzalik,1
fandom,6
lewat,3
survei,1
as,6
jagajaga,1
berontak,1
bang,7
mu,1
nyari,5
dahal,1
pnya,1
paket,1
sanggup,1
pahamm,1
mundur,2
keluar,2
target,1
basick,1
hadeh,2
asisten,2
manner,1
tanam,2
pupuk,1
biasa,2
tolong,12
miskin,4
bisnis,14
islam,4
boleh,2
makhluk,2
allah,5
konsumen,4
bayar,8
staf,1
pindah,2
strategi,5
karier,2
karyawan,4
jelasin,6
eka,1
papar,1
wh,1
damping,3
dm,1
pdfnya,1
gratis,7
iswhere,1
asal,1
pert,1
proprietary,1
aset,3
studio,32
lisensi,5
kustom,1
otomatisasi,8
bosan,1
animator,2
dangkal,1
gimmick,1
poohthewinnie,1
info,16
distrust,1
tech,8
disrespect,1
wikipedia,1
this,8
fool,1
understands,1
none,1
that,6
manjain,1
ajarin,2
dok,2
racist,1
and,8
fearmongering,1
pi,2
jua,1
ayam,1
cucuk,1
diam,3
sihhh,1
turun,1
darah,1
daging,1
pansos,1
thailand,2
police,1
cyborg,1
ketat,4
fpl,1
nolak,3
anakkolong,1
kecedasan,1
sebab,4
hancur,2
buang,2
tindak,2
selagi,1
dimanfaatin,1
not,7
curhat,5
teman,4
gibah,1
jurnal,2
dikotakkotakkan,1
repet,1
image,14
kesadaranmetodologi,1
ngukurnya,1
guard,1
rail,1
jadiin,1
inspirasi,5
paruh,1
campur,2
good,4
morning,1
brothers,2
noah,2
lgk,5
company,2
nda,1
btas,1
tnpa,1
van,2
gogh,2
nyiptain,1
ulang,8
tangan,6
alam,2
copas,3
otomatis,3
byk,4
capai,2
superintelligence,1
lampau,2
judgment,2
kapasitas,1
legal,13
nirempati,1
ropik,1
adapt,2
die,4
picek,1
adapat,1
masukin,3
senggama,1
furi,1
hamil,1
radit,2
fanfic,1
fansnya,1
dimasukin,2
nungguin,1
sekali,1
update,6
nekenin,1
trainingnya,1
bohong,2
bagaiman,1
praktik,3
ngedebatin,1
esensial,1
cc,2
nc,1
non,2
sellable,1
gituan,1
susah,9
ditindaklanjuti,1
moimron,1
mass,2
produced,1
cheap,1
product,3
bro,9
sempat,3
grey,2
area,2
tell,1
me,3
know,3
about,2
without,2
telling,1
anjas,1
jelas,3
mbulet,1
numbering,1
simpul,7
jauhjauh,1
kreator,3
melek,2
ranah,10
ngitung,1
ngoding,1
sentuh,3
efisiensi,12
ditakedown,1
cek,8
ngegambar,1
enthusiast,1
muter,3
admin,4
akun,14
gimn,1
mo,1
dijadiin,3
pondasi,2
canggihin,1
perbudidaya,1
authenticity,1
grafis,3
sadur,1
karyakarya,1
ala,10
paten,2
commercialnoncommercial,1
komersial,4
demen,1
radarada,1
tim,8
moga,8
bahan,6
renung,3
insight,2
lakuin,3
nyewa,1
kadang,6
wonder,1
kebal,2
ip,1
curi,14
hendri,1
omong,1
berat,4
beku,1
rule,1
amat,2
googling,1
law,4
berbedabeda,1
ratarata,1
most,1
ppl,1
dont,3
care,1
bout,1
rendah,5
yourbae,1
maybe,2
tahun,3
mapel,2
kaget,1
cp,1
aju,1
positif,5
ijin,3
nanggepin,1
geram,1
referensi,6
ilustrator,12
daur,1
nunggu,1
kecam,9
bablas,2
bidangbidang,1
ribu,2
ngatain,4
sebut,8
kagak,5
gedik,2
jilat,2
newspaper,1
outlet,1
bangang,2
publish,1
takde,2
editor,3
woi,3
pastu,1
sokong,1
tegar,1
pulak,1
emo,2
ek,1
benda,2
bangkok,1
lancong,1
israel,3
tempat,2
doc,2
zam,1
arus,1
lalai,1
abai,5
mesti,5
iring,2
insan,1
support,5
developer,4
sembangan,1
mandang,1
persepsi,1
first,3
all,2
narasi,4
filter,1
maknya,1
modal,5
prosedur,3
usg,1
manfaatin,1
msh,3
errornya,1
poin,6
dkk,3
ln,2
penyepong,2
harus,2
diskriminasi,3
timpang,2
individu,2
twitter,2
instagram,2
fb,2
tiktok,2
aspek,3
plagiarisme,2
pornografi,1
gmeet,1
cmn,1
react,1
jempol,1
mrfz,1
ojol,1
fee,1
customer,1
mood,1
asasi,2
ijazah,2
kredensial,1
akurat,6
verifikasi,2
suap,1
imbau,1
pegang,4
tatanan,1
solve,1
peristiwa,1
marah,5
seek,1
comfort,1
gaperlu,1
beda,22
tinjau,1
daerah,3
babibu,1
polemik,2
februari,2
elon,1
musk,1
donald,1
trump,1
palsu,2
using,1
emng,3
saklitinov,1
jga,1
brbagai,1
prtanyaan,1
sperti,1
tenang,7
skynet,5
ngacau,1
hukumlegalitas,1
intelektualintellectual,1
property,1
claim,2
original,1
artwork,1
persentase,1
mentok,3
idereferensi,1
basis,1
public,6
domain,4
diclaim,1
jasa,5
food,1
photography,1
makan,7
ketemu,2
ngebelain,1
generated,8
anime,4
prokontra,1
gramedianya,1
enabler,1
begitu,3
layak,4
hacktiv,1
bfi,1
finance,1
aidriven,1
development,1
kupas,1
tuntas,1
talkshow,2
rabu,2
wib,2
streaming,1
via,2
zoom,1
ari,1
legalitas,4
marketing,2
pushbacknya,1
kotroversi,1
budak,4
anut,1
hendak,1
hah,2
halo,18
rata,1
fitur,2
pukau,1
ikonik,1
resmi,10
itumah,1
danucreativ,1
demokratisasi,1
orisinalitas,7
keduaduanya,1
tracking,1
tonton,3
nge,3
tag,1
hargain,1
bibo,1
meanwhile,2
babi,3
gapunya,5
angkasa,1
asyik,1
filosofi,2
ngulik,1
tekateki,1
game,3
kecerdesan,1
bsa,1
satu,4
batttt,1
ah,4
agens,2
agensian,1
tonedeaf,1
professional,2
yapping,2
pr,7
burik,1
maap,1
ketik,1
haram,3
selam,1
ae,1
qrtku,1
ngomentarin,1
tanggap,4
gpu,2
sempet,2
klarif,1
redraw,1
senggol,1
rasa,3
kpm,1
dar,2
gender,1
asai,2
seks,1
fisiologi,1
mod,2
noisenya,1
discord,1
ideal,2
katakonten,1
autoblock,1
publicakun,1
medsosmu,1
kudu,2
tsb,4
sangean,1
emprit,1
tampang,1
culun,1
bngsd,1
nikah,5
suuuuasu,1
nyoba,1
ngobrol,4
endas,1
canda,1
om,2
anies,2
ianya,2
jana,1
kandung,3
janakan,1
style,18
peluk,2
sketching,1
ndmu,1
kemaren,3
ribut,4
ainun,2
najib,2
desainerillustratorartists,1
license,1
illustrator,5
ilustrasi,15
nfz,1
minta,7
singgung,2
libat,9
sejahtera,2
mari,5
buzzer,2
agency,1
sarhana,1
kapitalis,4
ahensi,1
infringement,2
bos,3
sampw,1
giblian,1
story,4
ngeup,1
nurdn,1
api,1
rakit,1
ilegal,4
sila,1
siapasiapa,1
app,1
music,1
sial,1
medis,2
transportasi,1
infrastruktur,1
mv,1
matang,1
patuh,9
pidato,3
remaja,2
antimainstream,1
tradisional,2
detox,1
aksi,2
esports,1
sah,5
kpop,1
mbanya,1
diaigenerated,1
uii,1
aigenerated,4
bagi,3
dewasa,3
professor,2
jiyong,2
aaarghh,1
buntu,1
kaist,1
fess,1
awam,4
konsekuesi,1
gila,5
kloning,1
takjub,1
ditekenin,1
ntah,1
anjing,2
oalah,2
jancok,1
report,3
block,3
please,2
rebut,1
analogi,4
tebang,1
field,1
otomasi,4
maintain,1
catat,1
jakarta,3
smart,2
city,2
cinta,2
situs,1
rupa,3
estetika,1
khas,5
jepang,10
moci,1
esa,1
cadang,1
delete,1
panas,2
online,1
je,3
lidi,2
standby,1
camtu,1
kesi,1
tengok,2
serang,2
cool,1
down,1
calvin,1
opsi,1
rekomendasi,3
im,3
against,2
usage,2
completely,1
simple,2
wkakaka,1
potong,4
bising,1
efisien,4
netral,4
hipokrasi,2
starter,1
konsisten,1
training,10
algoritmanya,3
sumpah,1
bodoh,3
word,1
simbolik,1
puncak,1
ngehate,1
penetrasi,1
lumayan,1
gocek,1
swasta,1
pecat,2
debatin,1
soul,2
revolusi,2
someday,1
will,3
longer,1
soulless,1
depend,1
lapar,1
identifikasi,1
wanita,1
gaun,1
putih,3
suasana,1
malam,2
identitas,3
waras,3
hai,3
otonom,3
baikbaik,1
capek,7
terjemahin,1
sundanese,1
minangkabau,1
ngobrolin,1
sawah,1
krl,1
salut,1
ibtihal,1
aboussad,1
speak,1
bhw,3
teknolg,1
zionis,2
bantai,1
nov,2
dekade,1
ruh,1
otw,1
padang,1
mahsyar,1
miyazaki,26
implikasi,3
humblee,1
skeptis,2
generasi,4
skeptisisme,1
valid,1
lelet,2
barang,1
bekas,1
pasar,4
daun,1
what,2
fck,1
uda,2
milih,3
badut,1
wawas,2
ganggu,4
siber,2
energi,2
iot,2
ngatur,3
umur,4
bengap,1
blokir,8
pdp,1
bakti,1
kemas,1
jimat,1
envy,1
duadua,1
computing,1
aiethic,1
well,1
especially,1
aiml,1
specialist,1
golong,1
dalle,1
sougwen,1
bersosmed,1
news,1
cunt,1
finis,1
doxxing,2
ban,3
garagara,2
banned,4
taat,1
circular,2
letter,2
formal,1
ngikutin,3
informal,1
ayo,2
tandatanda,1
btl,1
tanda,3
dibatasin,1
ngeban,2
designing,1
scripting,1
teknikstem,1
ditag,1
rebellion,1
humanoid,2
pm,1
patroli,1
cenderung,3
fungsional,1
operasional,1
army,2
bts,1
label,4
asa,4
bandel,1
komitmen,1
fahri,4
hamzah,4
wamen,1
komisaris,1
btn,1
bertanyatanya,1
serial,2
person,2
interest,1
semesta,1
tema,4
relevan,2
prioritas,1
melmengutamakan,1
musnah,1
umat,1
provokasi,2
pecah,3
harmoni,1
nilainilai,2
mention,1
katakata,1
rukun,1
terimakasih,1
mul,2
dilindungin,2
trademark,2
klaim,3
mentari,1
tayang,1
kartun,1
stasiun,1
terangterangan,2
followers,1
canggih,10
pakenya,2
bajar,1
kriteria,1
optional,1
fleksibel,1
nyariin,1
pacar,4
kencan,1
musik,5
pintar,1
sejarawan,3
wankenobi,2
tebet,3
tibet,2
huruf,1
maki,4
nego,1
tipis,1
ormas,2
organisasi,2
association,1
advancement,1
aaai,1
box,2
personalitas,2
korporasi,1
status,1
tegak,1
dipersonaliti,1
senjang,1
watch,1
nerf,1
moderasi,1
dibanned,2
siald,1
makimaki,1
sabun,2
genit,1
colek,1
nemenin,1
kontak,1
yo,3
henti,2
merek,1
dagang,1
etikawise,1
sensor,2
query,1
dikembangin,1
kognitif,2
pasien,1
hiv,1
klasifikasi,1
hoki,2
hei,1
abuabu,4
heh,2
nyawa,1
dominic,1
slametto,1
mainin,1
kotor,1
jalur,2
marain,1
israhell,1
konkrit,1
konkret,4
duit,8
rp,1
rokhmin,1
sanksi,1
geopolitik,1
rumit,2
gaza,1
komisi,1
tuntut,2
duduk,3
operator,1
pp,1
pastiin,3
lolos,3
liat,4
hindarin,1
jerat,1
sabar,1
istilah,2
cocok,6
imitasi,5
filosofis,2
fakta,6
fitnah,1
tampil,2
sensitif,2
plus,3
gdpr,1
amiin,1
bu,2
ekspresif,1
thai,1
entertainment,1
leng,1
thanaphon,1
usinsap,1
fiction,1
emoji,1
aktif,2
postinganmu,2
sosialisasi,2
tiada,2
penggunaanya,2
adopsi,2
sampul,3
blaming,1
tendensi,1
subjektif,2
minimum,1
punah,1
arsip,1
ithaca,1
venice,1
restorasi,1
teks,5
kuno,1
solutif,1
atas,4
audit,1
enkripsi,1
autentikasi,1
korup,1
serakah,1
elaborasi,1
bacot,1
pajaw,1
sindir,1
nangkap,1
absurditas,1
raymond,1
chin,1
puji,1
argumen,5
humor,3
river,2
blues,2
mahal,1
gugat,2
glaze,1
ayat,2
empat,1
artistnya,1
ceria,1
hayao,12
ditrain,1
lgsg,1
bakar,1
jenggot,1
basi,1
ngritik,1
gausah,4
dehhh,1
kitaa,1
duluu,1
market,1
movie,1
dehh,1
wkwkwkw,1
celaka,2
bocor,5
teampal,1
tipikal,1
junkies,1
copyrights,2
thieves,1
dianggep,1
sepele,2
techbros,5
ngedepanin,1
issue,1
ngembangin,1
ethical,5
cubit,1
kucing,2
habis,6
nyakitin,2
nyiksa,1
dipungkiri,1
rangkul,1
lekang,1
driving,1
adoption,1
mallam,1
large,1
adaptif,1
halatuju,1
ghiblistyle,4
milenial,1
tibatiba,1
alfa,1
animalia,1
brainrot,1
kirakira,2
inovasipembaruan,1
ngekill,1
client,1
mean,3
one,2
looks,1
revisi,1
strongly,1
agree,1
speed,1
andal,1
hal,1
kapak,1
bawang,1
hahaha,1
jauh,2
bajak,2
colong,1
adinda,2
settled,1
popularitas,1
generating,1
pics,1
populer,3
toolsnya,2
abusive,2
artistsnya,1
big,1
bales,1
komis,1
temanteman,3
budiman,1
hmm,2
terminator,1
hidupmati,1
drtd,1
organik,1
etc,2
usernya,1
puas,2
ribet,4
camping,1
gitar,1
lagu,6
dewa,1
hrsnya,1
belaga,1
sipil,1
perihal,4
batin,1
rezeki,1
desainer,1
maker,1
sampeyan,1
lekat,1
engineer,3
rekayasa,1
output,2
ngurangin,1
devaluasi,1
ama,6
stres,1
direndahin,1
acm,1
bandingin,1
anti,6
dpr,2
draf,1
case,2
tementemen,2
fikriauliya,2
tebak,1
ghiblifikasi,2
tuai,4
tbf,1
persetan,1
ngehancurin,1
ego,1
kronikeluarganya,1
taruh,1
mereka,3
develop,1
ftofu,1
sugestif,1
ayu,1
oktasari,1
fotofoto,1
mayoritas,2
nontelanjang,1
baju,1
ilmuwankreator,1
jijik,2
undur,1
idulfitri,1
generik,1
integritas,3
macem,1
gerus,1
miris,2
back,2
namaya,1
gobran,1
goblog,1
iyah,1
work,1
smarter,1
harder,1
indeed,1
never,1
exist,1
okay,1
theyre,1
just,3
prompter,1
seyogyanya,1
gambargambar,1
beli,3
gituu,1
chaos,1
either,1
ciri,2
sembako,1
tujuturunan,1
hoppity,1
konsensus,1
background,2
knowledge,2
ngejar,1
standard,1
obrol,1
tamu,5
mamah,1
obrolin,2
senang,4
mintain,1
ghiblinya,1
kalaubkita,1
funfun,1
heheh,1
yy,1
lebar,2
encourage,1
skrng,3
level,3
fundamental,2
bocil,1
inget,3
exmember,1
abjir,1
gugling,1
free,1
webinar,1
web,1
sender,1
ss,1
kecewa,2
scene,1
bulan,1
arti,1
batasbatasnya,1
gas,4
atuh,2
ak,1
sendri,1
palagi,1
artnya,1
ina,1
acu,1
panggil,2
diskriminatif,2
legitimasi,1
naturalisasi,1
ente,2
file,1
management,1
kacau,1
miskonsepsi,1
shin,1
taeyong,1
singkir,1
ikutin,1
nol,4
mutermuter,1
sudut,2
images,1
backlash,1
eksploitasi,1
dicopyright,1
benang,2
merah,3
perspektif,1
hidang,1
ekang,1
kod,3
institusi,3
datasetnya,3
artstyle,5
gtuan,1
generalize,1
tpiiiii,1
iphone,1
netizen,1
biodata,1
alamat,1
ungkap,1
generator,5
kompensasi,3
surplus,2
value,4
ancang,1
patut,2
koleksi,1
menunjulkan,1
kolot,1
eid,1
alfitr,1
citra,2
ipk,1
bantah,1
dy,1
ngancam,1
trend,7
jiplak,5
gelenggeleng,1
ngancem,1
cahari,3
atribusi,1
reputasi,2
cocoklogi,1
adu,2
pinteran,1
witch,1
hunt,1
resah,1
ruang,3
identify,1
tricky,2
oi,3
perfect,1
liners,1
episode,4
variatif,1
bl,1
msknya,1
kolaboratif,1
kuras,1
analog,1
kabur,1
nyuri,3
kmren,1
komplen,1
lue,1
dobel,1
candu,1
lemah,2
screen,1
akar,1
dieksplore,1
belakang,1
skripsi,2
hobi,3
sketsa,1
receh,1
njiplak,1
vocaloid,1
pitch,1
corrector,1
musisi,1
mashup,1
techbro,6
loophole,1
lagipula,1
gelintir,1
kelompok,2
oportunis,4
duplikasi,1
see,1
rocky,1
gerung,1
itu,1
kangkang,1
ted,1
talks,1
apple,2
amunisi,1
ngebales,1
honestly,1
terry,1
tao,1
lean,1
matematikawan,1
asumsi,1
kapitalisme,3
instan,2
kubu,1
ndassmu,1
wp,1
dith,1
artstation,1
platfrom,1
blizzard,1
riot,1
moraletikanorma,1
easy,1
meta,1
destruktif,1
my,2
reasons,1
smelling,1
really,2
want,1
implement,1
fikirkan,1
balik,1
yish,1
upah,1
real,9
would,1
wow,1
definitely,1
entry,1
train,3
bbrp,3
disrupsi,2
choice,1
yours,1
choose,2
worry,1
promptnya,1
tengkar,1
lelah,1
mantau,1
tni,4
ngehargain,1
nasionalisme,1
ngeruntuhin,1
eksisin,1
studi,2
cambridge,1
analytica,1
refleksi,1
discale,1
software,2
artikel,3
limited,1
also,1
companies,1
who,1
genocide,1
damage,1
environment,1
exploit,1
iini,1
anu,1
eee,1
mi,1
dd,1
dosa,1
tauk,1
wes,1
ngeyel,2
mantan,2
penasaran,2
pov,1
posisi,1
design,2
native,1
musuh,1
vonbdg,1
normatif,1
standingnya,1
das,2
sollen,1
sein,1
gap,1
signifikan,3
pgn,1
unsur,1
sabi,1
bimbing,3
moralitas,1
tbh,1
circleku,1
somehow,1
terexpose,1
tone,1
deaf,1
ta,1
content,1
kekeuh,1
nyetujuin,1
satusatunya,1
proliferasi,1
interior,1
ideas,1
brin,1
finansial,1
puisi,2
hitam,1
stance,2
sofyan,1
agustinus,1
nyembah,1
zeus,1
moraletika,1
roma,1
latin,1
sinau,1
hi,2
lurus,1
oknum,1
second,1
option,1
wisely,1
ngulang,1
photoshop,3
karyaimej,1
users,1
taqoballahu,1
minna,1
minkum,1
intrinsic,1
values,3
styling,1
boroboro,1
pol,1
ngira,1
dibranding,1
gemay,1
gemoy,2
habieb,1
utas,1
altman,1
bom,3
terobos,1
lha,1
mbok,1
luna,2
last,1
ronin,1
beautynya,1
whatsapp,2
yanz,1
tengah,1
ngeprovide,1
konsen,1
duli,1
sorry,2
jb,2
yayasan,1
keling,1
dibrolin,1
homo,1
deus,1
ngeri,3
mudhorotnya,1
mentraining,1
akn,1
mna,1
tadi,5
kamus,1
doesnt,2
though,1
dgan,1
mslh,2
debatable,1
any,1
aiteori,1
absolute,1
engineering,2
kriminal,1
pis,1
bacain,2
ngedukung,1
belajarmengajar,1
krusial,1
ghibliinspired,1
adl,2
pihak,4
even,2
commissioned,1
worked,1
visualisasi,1
input,3
space,1
algoritmik,2
njir,1
bebal,2
because,1
stealing,1
idk,1
yt,1
cover,1
album,1
dihargain,1
sesimple,1
ilmiah,1
llm,2
keti,1
paras,1
bahagia,5
hamba,1
serba,1
instant,2
sorakin,1
lapang,2
cunggul,1
soan,1
konvensional,1
ekstrakurikuler,1
swbelum,1
yessss,1
stem,2
thats,1
mirna,1
adriani,1
pemrosesan,1
role,1
humanis,1
diskredit,1
payung,1
zspeak,3
vice,1
versa,1
pranita,1
harmful,1
zero,1
us,2
survival,1
statement,1
desainseni,1
ambigu,2
distate,1
ytta,1
hakikat,2
replaceable,1
nasib,1
ramasyuk,1
hki,2
ud,1
kasi,1
upgrade,2
pc,1
boros,1
tweetmu,2
shame,1
ghiblification,1
artistik,1
ethicist,1
tryhard,1
fuck,1
liatin,1
bolehin,3
ofc,1
bendung,2
sana,2
rela,2
assetnya,1
blom,1
statemnt,1
mohon,1
semangat,1
openai,7
suchir,2
balaji,5
eks,1
konspirasi,1
dark,1
sampel,1
olah,1
ngeklaim,1
ngebuat,1
orisinil,1
bersih,1
mulu,2
hitech,1
minded,1
setujuuu,1
mentahmentah,2
gimanapun,2
upskill,1
security,2
aspectnya,1
falsu,5
nian,1
iyaa,2
statment,1
salaahhh,1
cooyyyy,1
moril,1
andil,1
database,1
jir,3
wkwkwkwk,1
hindu,1
rwa,1
bhineda,1
crosscheck,1
porsi,1
kalang,1
takdir,1
monster,1
roti,1
bgmn,1
dikte,1
kakk,2
plot,1
dalih,1
langit,1
idealis,1
duh,1
argumentasi,1
figuratif,1
spam,1
printing,2
reproduksi,1
telihat,1
industriekonomipendidikan,1
aga,1
kasus,1
creatornya,1
far,1
absolutely,1
creativity,1
pon,2
dtg,1
future,1
kat,2
pmx,1
sbb,4
teknikal,3
bende,1
pablo,1
picasso,1
tk,2
orangorang,4
at,1
adikadik,1
timba,1
upset,1
punca,1
decrease,1
kumpul,2
ade,1
ckp,1
digenerate,1
serta,1
tenagakerja,1
jenuh,1
bulatbulat,1
imej,1
overclaim,1
harta,1
trust,1
quote,2
jatuh,2
alm,1
kakek,1
sawang,2
oh,3
twit,1
latter,1
drop,1
bnrn,1
rubah,1
etikaadab,1
perut,2
laper,1
bree,1
fahmi,1
makenya,1
zona,1
ngeculin,1
mengatasnamakan,2
ketidakpastian,1
arsitek,1
paksa,1
fisika,1
kuantum,1
redefinisi,1
gabung,2
cantum,1
pustaka,1
evolusi,1
gores,1
orisinal,2
ghilbi,2
buta,1
morally,1
consentnya,1
cant,1
avoid,1
alr,1
pervasive,1
our,1
daily,1
maka,1
labrak,1
dipakenya,1
informed,1
lantang,1
scrapping,1
ingetin,1
baru,7
gegabah,1
ignorant,1
copyrighted,2
stylenya,1
line,1
blurred,1
both,1
humans,1
ngedit,2
nurani,1
lagilagi,1
terdistract,1
ngerant,1
cebol,1
lets,1
awak,3
gans,1
sihat,1
un,1
lestari,2
indikator,1
unesco,2
readiness,1
assessment,1
methodology,1
nggapenting,1
promosiin,1
hidih,1
diaturgw,1
prodi,1
semester,1
ekuivalensi,1
standpoint,1
walalupun,1
tau,3
gaming,1
tanding,1
player,2
gasuka,1
ngetweet,1
redacted,1
ngubah,1
nyomot,1
deket,1
diperjuangin,1
publikasi,2
belikan,1
ratus,1
facebook,1
stail,3
bullshit,1
gpto,2
oa,2
dimintain,1
ekosistem,1
andai,1
diributin,1
abang,1
remeh,2
diciptain,1
acak,1
tunggu,1
think,1
people,2
understand,1
vt,1
simpan,1
latah,1
enang,1
bambang,2
sugiarto,1
dibacking,1
usa,2
diinjek,1
advokasi,1
mac,1
hahhh,1
perdebataan,1
samping,2
definisi,1
gwej,1
ane,1
bumerang,2
intip,1
mutualmu,1
hakhak,1
rampas,1
sake,1
cutting,1
cost,1
re,1
doomed,1
then,1
kim,1
jung,1
gi,1
feed,1
artoworksnya,1
diregurgitate,1
hih,1
twisted,1
telat,3
pads,1
tiarap,1
bedain,3
heuuuuuhhhh,1
romansa,1
ngawur,1
akurasi,3
ragu,1
tutor,2
jongkok,1
salam,1
reka,1
etikal,1
cuba,1
eu,1
fiksyen,1
generation,3
maling,2
revolusioner,1
hambat,1
gulingguling,1
nyebut,1
balas,1
wkwkwkkw,1
mutual,1
sange,1
preferensi,1
nerima,1
scraping,3
illustratorillustrator,1
italy,1
bunga,1
def,1
eat,1
them,1
bye,1
soon,1
selera,1
jamane,1
convenient,1
validitas,1
enih,1
teoriteori,1
bjirrr,1
nasehat,1
thksin,1
burhandin,1
pragmatis,1
ontoseno,1
figur,1
lemley,1
hulbert,1
esai,3
fortune,1
wawancara,1
new,1
york,1
times,1
whistleblower,1
obvious,1
robotai,1
widiyanti,1
putri,1
wardhana,1
konferensi,2
poltekpar,1
medan,1
gerak,1
ngajar,1
uutni,1
sich,1
tentara,1
ehe,1
ngerasain,1
luntur,1
perih,1
karsa,1
pola,2
nemu,2
ngesx,1
seeama,1
jenis,3
yaakk,1
cbl,2
gaboleh,1
nao,1
cukup,1
asah,1
smua,1
mimpin,1
aparat,1
sharusnya,1
ayom,1
wapresmu,1
tenggelam,1
curang,1
toko,4
jaring,1
stok,1
ekspansi,1
akuntansi,1
dua,1
spesial,1
patungan,1
libur,1
angin,3
nyimeng,1
negaranegaraan,1
bajing,1
temuin,1
ngilangin,1
macet,1
banjir,1
pantes,1
tloll,1
rendahin,2
semenamena,1
ngewe,1
iki,3
benran,1
stress,2
dpkm,1
etikamoral,1
klw,2
harmfulnya,1
sembuh,2
lmfao,1
beler,1
solving,1
sori,1
oon,1
ngajak,1
influence,1
relevansi,1
akademis,1
toledo,1
journal,1
analis,1
federasi,1
measure,1
man,1
musim,1
star,1
trek,1
next,5
tarung,1
nditwt,1
rilis,1
feb,2
tekskevideo,1
startup,1
unicorn,1
ramp,1
lulus,1
ngajari,2
aklak,1
donatur,1
tegur,1
joke,1
astaga,1
silaka,1
objectively,1
low,1
effortnya,1
puki,1
bangsat,2
proker,1
kkn,1
wae,1
ki,1
dikon,1
nganggo,1
kebacutmen,1
opo,1
anggota,1
ngganteni,1
koe,1
dadi,1
rada,1
idiot,1
tmbk,1
surveillance,1
oiya,3
gendut,1
besok,1
nyaman,1
unggah,1
instagramnya,1
gemini,1
flash,1
watermark,1
hot,1
safety,2
rekrut,1
spesialis,1
ngatasin,1
kolab,1
uk,1
kredibilitas,1
ketidakkebalan,1
godellian,1
teoritis,1
plausible,1
datakrasi,1
solidus,1
friday,1
roundup,1
sambanova,1
humanx,1
agen,1
estat,1
portugal,1
samsung,1
caci,1
nyalahin,1
cacat,3
kampung,1
sesat,1
setan,3
dklaim,1
emas,1
brain,1
differ,1
jajah,1
uni,1
eropa,6
strict,1
zulfanz,1
hire,1
pirating,2
culture,1
neo,1
atm,1
improvisasi,1
nope,1
praktisi,1
reseacher,1
testing,1
nangesss,1
pancasila,1
bendera,1
simbol,1
jam,6
crypto,1
tll,1
juang,1
sebaikbaiknya,1
sehormathomatnya,1
tempo,1
diketawain,1
bata,4
listrik,1
syariat,1
fatwa,1
rules,1
autocad,1
muntah,1
ekskul,1
gedung,3
batu,1
sekolahkampus,1
dijagain,1
dipriksa,1
bolehudah,1
dicatet,1
mao,1
pansus,1
grebek,1
psk,1
seudah,1
audiensi,1
boikot,1
ngeluhnya,1
wowok,1
sui,1
lopor,1
valuasi,1
hahahahahah,1
cuplik,3
lebur,2
adakan,1
silabus,1
peringkat,1
universiti,4
cma,1
sbnrnya,1
sangat,1
rawan,1
slah,1
lumrah,1
related,1
sebel,1
seingetku,1
samsek,1
paling,1
hee,1
alergi,1
nsfw,1
opensource,1
anarko,1
cultureamp,1
hacker,1
tukang,1
digunain,1
ngantuk,2
berkalikali,1
imagenya,1
fucking,1
mom,1
tbtb,2
rendang,1
urat,1
judul,2
lensa,1
komunikan,1
representasi,1
kursi,1
belokin,1
premis,1
antiteknologi,1
procreate,1
koridor,1
calling,1
indonesian,1
artists,1
riri,1
satria,1
stafsus,1
menkopolkam,1
menchallenge,1
pelopor,1
kader,1
lira,1
retret,1
dana,1
ngerjainnya,1
wabio,1
tidur,2
bjir,1
pasang,1
alarm,1
bapak,3
absen,1
dateng,1
itung,1
yap,1
wassalamualaikum,1
wb,2
kh,1
udahan,2
yaaa,1
makas,1
bubarin,1
coa,2
bapa,1
gafokus,1
ge,1
merem,1
ky,1
ajala,1
kt,1
pulang,1
quiz,1
ajaa,1
payment,1
naio,2
timbal,2
yb,1
datuk,1
wilson,1
ugak,1
kumbong,1
guysss,1
tl,1
ttng,2
barusan,1
timeline,1
discussion,1
talk,1
nida,1
ahl,1
alqiblah,1
ulama,1
muda,1
kreasi,1
vol,1
ii,3
teater,1
wahyu,1
sihombing,1
sdm,1
astagfirullah,1
haladzim,1
resource,1
jembatan,1
came,1
senses,1
unggul,1
tuan,1
amoral,1
niretik,1
dieagukan,1
gibs,1
sebal,1
aico,1
sharing,1
session,1
wkwkwkwkwwk,1
massa,2
edu,1
harmony,1
camp,1
bandung,1
pemuda,1
dialog,1
saudara,1
ngmg,2
ketimbang,2
fsrd,2
inter,2
selfpreservation,2
sumpil,2
ngambilnya,2
diotakatik,2
dicolongin,2
acau,2
rekening,2
bank,2
dengar,2
konyol,2
pantesan,2
enam,2
bab,2
lampir,2
kaedah,2
paper,2
rekam,2
cmc,2
kritisi,2
super,4
kawal,2
lads,2
meriang,2
lixli,2
aigen,2
voice,2
va,2
pusat,2
navigasi,2
workshop,2
sal,2
ngerjain,2
anj,2
balikinnya,2
tlg,2
auto,2
save,2
yaallah,2
ksdl,2
guaa,2
sisa,2
sari,2
soegondo,2
ketua,2
appri,2
cofounder,2
comm,2
majalah,2
institute,2
relations,2
denagn,2
berhatihati,2
isuvideo,2
lebihlebih,2
lag,2
akankkanak,2
paltform,2
indie,2
langka,2
underground,2
records,2
ganteng,2
respect,2
tudy,2
woooiiiiii,2
plis,2
ampunn,2
pusing,2
bgtt,2
mingdep,2
gaksih,2
mujani,2
guide,2
kompas,2
legendaris,2
tri,2
etikakejujuran,2
privasiperlindungan,2
ekspek,2
seakeh,2
dominasi,2
kendara,2
skenario,2
soft,2
takeoff,2
laboratorium,2
ekstra,2
lab,2
modelmodel,2
silvi,2
rangkum,2
kitab,2
santri,2
yaatau,2
saat,2
waktu,2
tmn,2
beduit,2
balikin,2
kita,2
agent,4
exploiter,4
freelancer,4
pve,2
proyek,2
brief,2
solved,2
shit,2
khaerunesa,3
isa,3
tun,3
hussein,3
onn,3
sambut,2
dekan,2
wadek,2
khorriyatul,2
khotimah,2
mpsi,2
psikolog,2
fpk,7
datang,2
narasumber,2
uinsa,3
tajuk,3
surabaya,3
psikologi,3
maenn,2
turnin,2
sp,6
maks,6
reels,1
saksi,1
assalamu,1
alaikum,1
selasa,1
sunan,1
ampel,1
auditorium,1
praperadilan,1
hasto,1
gegara,1
titik,1
umpat,1
anugerah,1
innailaihi,1
wainailaihi,1
rojiun,1
gita,1
mobil,1
bmw,1
tilang,2
views,1
detik,1
tenar,1
privilese,1
ceramah,1
