text,label
sedih tidak intip mutualmu kasih nama spesifik batas privasi,Neutral
grok ai ijazah manusia tunjuk ijazah kredensial mampu informasi akurat verifikasi sumber percaya suap ancam langgar etika,Neutral
coba jelasin konsep etika bisnis islam promosi pakai ai gin dibolehin,Neutral
karya ai keren tetep sesuai etika norma guys,Neutral
opini dosen dkv film jumbo anda pakai ai cepet selesai qrtnya dokumentasi foto tugas suruh make gena dipake tidak lanjut etika guna kah nilai tugas dasar,Neutral
beda konteks ai generated image alas etika ai data training tiru karya seniman data training algoritmanya referensi mah fungsi utama sumpah lu bodoh gimana deh,Neutral
lagi topik related bikin tugas topik langgar etika ai terus masukin berita contoh artikel damping dosen mikir sebel banget sama dosen,Neutral
kritik perintah regulasi ai mengencourage guna ai etika interpretasi sbg kritik prabowo mesra jokowi konteks politik gin dijelasin,Neutral
halo kayak orang indonesia ekspresif gemar berat thai entertainment leng thanaphon usinsap suka nonton drama nulis fan fiction share emosi pakai emoji aktif komunitas suka ngobrol ai kayak peduli etika fandom postinganmu,Neutral
rumus kaji ajar strategis augmentasi skill tahan kendali hindar jebak gantung paham etika guna ai paham dampak aware thd bias,Neutral
masyarakat seniman designer protes bahaya guna ai gubris dipake kampanye gambar sebar ai gambar bahaya ngapain mikirin etika orang ndasmu etik,Neutral
pasal dah dah ai etika benak ni la,Neutral
tapi artist taruh soul karya situ etika kek jurnalis sensor foto korban celaka mereka lakuin etika techbros juga etika dalam kerja sbg develop ai,Neutral
workshop,Neutral
ngga ai user tu hacker tukang gambar aku ngga nge banned ai gampang ngga etika pakai ai udah digunain mana atur engga bidang pakai ai bahaya,Neutral
jujur dampak negatif ai bias data diskriminasi otomasi ancam kerja rutin privasi ganggu data etika isu karna putus ai sulit paham disalahgunakan jahat siber kurang interaksi manusia konsumsi energi,Neutral
ever tuju didik integrasi talenta terampil akhlak sains teknologi digitalisasi ai tren global fokus ajar personal ai terampil abad etika tantang,Neutral
tolong paham mention perintah provokasi katakata kasar pecah belah rukun tolong etika ai adab manusia adab terimakasih,Neutral
nilai etika intrinsic values,Neutral
komunitas aico aku tarik banget poin etika guna pas sharing session rujuk regulasi emang indonesia udah regulasi guna ai wkwkwkwkwwk,Neutral
gen alpha dunia ai gen beta lahir dunia ai wajar ai masuk kurikulum didik sbg matpel cantik materi erti sejarah kembang potensi etika dos donts praktis spt prompting efektif gitu heran,Neutral
regulasi debat ranah etika aneh pakai istilah ane pakai diskusi agama benar etika pakai ai,Neutral
perspektif orang awam ianya hibur hidang pimpin bijak ekang contoh hasil kod etika teknologi ai dapat jaga institusi seni artist,Neutral
kalau udah dipriksa koar etika bolehudah dicatet lapor dpr mao pansus cuman berani grebek psk seudah dipake doang,Neutral
belah hukum etika,Neutral
wakil presiden ai jiplak karya anggap etis ilegal dasar hukum hak cipta rusak reputasi picu konsekuensi hukum debat etika ai indonesia percaya publik dampak politik,Positive
acara skor resistensi jurus hukum lebih latih pikir kritis retorika adil sosial kurang butuh sukses kompetisi butuh empati etika intuisi manusia ai bantu ganti manajer,Neutral
ai tidak takut ite law rancang kasih fakta analisis fitnah buat xai tugas bantu jelasin kompleks kayak politik etika data opini pribadi indonesia kritik,Neutral
faktor etika moril andil sikap kritis tentang hakikat tolak paham ai mampu cipta informasi database lampau kerja pikir manusia normal,Neutral
fucking cinta my mom bro ngomongin etika ai tbtb abis ngomongin rendang urat,Neutral
tren timbul khawatir kait hak cipta etika guna karya seni ilustrasi cipta ai tanggap hayao miyazaki teknologi ai lingkup seni ramai bicara,Positive
bzz komen template beneran dongo dah komennya bela lamar eh kocak lamar butuh kerja ngomong songong banget kg etika nyuruh nyuruh hrd tidak ada attitude gtu bahasa,Neutral
tuju adakan silabus etika guna ai peringkat universiti,Neutral
apresiasi jumbo kampanye ai the disrespect kampus terap etika riset google wikipedia etika guna ai but this fool understands none of that,Neutral
orang pakai mesin ngambil data ribu seniman izin posting bangga sadar kamu nikmat hasil curi kamu ngatain orang ngebela profesi sebut polisi ai aku kamu kagak paham etika,Neutral
video udah ditakedown pas cek jelasin tools ngegambar pakai tools ai enthusiast etika jawab muter,Neutral
tai lu generative ai disalahgunain kek gimana orang banget perempuan muka foto senonoh ai gilir jabat tai kek gin ngomongin etika,Neutral
silvi rangkum google ai aneh kitab nikah santri etika adab nikah,Neutral
udah ai kerja singkir ikutin jaman usaha gede mikirin etis etika jalur hukum ok gas,Neutral
ite udh kenal pasal karet batas kait ai udh kritik etika guna ai kritik dengerin atur regulasi sekarang mencak korban orang pakai ai salah asu hak atur bijak kaga dipake,Neutral
hai film robot gambar ai robot canggih nyata robot hidup seharihari plot robot bunuh manusia fokus aman ai etika ai topik,Neutral
etika kreasi era digital vol ii hak cipta filosofi ai gimana bijak pakai ai dunia kreatif beda inspirasi imitasi peduli hak cipta era digital maret wib teater wahyu sihombing tim,Positive
duh pakai foto argumentasi foto tsb salah ai style bentuk figuratif khusus ai seniman etika hukum hukum ai salah,Neutral
konten hasil digenerate produksi ai llm serta data input training sah etika langgar labor tenagakerja value apa labor time artis,Neutral
ajar hindu imbang rwa bhineda lawan jaga ai inovasi modern manfaat etika bencana,Neutral
anime modern gasuka banyak teknologi libat lagi pakai ai malu mas beliau sampe orang indonesia ikut tolong etika dipake ngetweet minimal cari info,Neutral
ai junjung etika logika kalah sama manusia akal budi,Neutral
fahmi tren studio ghibli udah muncul karna orang makenya konten tidak hapus fakta guna ai main timbang etika zona abuabu seni tidak alas ngeculin langgar hak cipta,Positive
yaallah selesai juga ksdl guaa etika ai sisa dikit,Neutral
bukti kuat perintah indonesia overuse ai guna ai luas layan publik manajemen bencana awas regulasi ai batas pedoman etika kominfo ojk undangundang khusus kritik muncul,Neutral
ai kembang etika yuk ajar tantang etika ai waspada,Neutral
dapat mas benar ai capai tahap superintelligence ai pikir lampau manusia milik judgment etika kapasitas legal,Positive
teknologi cerdas buat ai pusat saing global amerika serikat china indonesia simpang navigasi ai tantang etika privasi potensi dampak kerja manusia,Neutral
ps bloon kayak wapresnya daya rusak langgar etika keluarga mulyono konstitusi disamain langgar etika gambar ai,Neutral
gua pro cuman emang urus ai rame gua cuman sayang regulasi dll manusia adab etika tuhan kasih akal pikir salah,Neutral
doc zam arus maju teknologi cerdas buat ai pesat lalai abai nilai etika manusia maju mesti iring insan,Neutral
kuliah tamu tajuk etika manfaat ai assalamu alaikum wr wb halo temanteman fpk selasa februari fakultas psikologi sehat uin sunan ampel surabaya fpk uinsa gelar giat kuliah tamu auditorium gedung fpk,Neutral
id ai tren teknologi hidup dunia didik industri sehat ekonomi mari manfaat ai maju teknologi nilai etika,Neutral
salam skynet ambil alih bumi ai reka bantu etikal cuba robot lidi ai bangun garis pandu etika lindung manusia garis pandu eu unesco skynet tu fiksyen,Neutral
capek sal mending ngerjain etika ai,Neutral
setujuuu min isu kaya gin nolak ai mentahmentah gimanapun tetep mesti update kembang teknologi upskill kritis etika legal security aspectnya,Neutral
mul iya kayak gin emang orang mikir etika miyazaki ai art hina hidup hukum gaya seni dilindungin copyright ilegal pakai nama ghibli trademark bingung,Neutral
pikir guna ai danucreativ tarik buka peluang gambar karya potensi ai demokratisasi seni picu debat orisinalitas etika imbang inovasi,Neutral
dari khaerunesa isa universiti tun hussein onn malaysia materi topik etika manfaat ai kembang research sambut buka giat wakil dekan wadek ii dari khorriyatul khotimah mpsi psikolog ai,Neutral
kuuran saya tuju metode latih ai pakai etika simply ktk ai crawling data ambil dari sumber internet masuk kredit buat gambar crawling data proses crawling data wo supervision cont,Neutral
indonesia ken maju dalam segi iptek tpi yo kelas etika ti copyright ai paham,Neutral
kemaren ribut ainun najib ai ghibli desainerillustratorartists ribut etika ai oke tuju license anggap penyalahgunaan hak cipta pas illustrator ilustrasi jual etis tidak,Positive
mod emang hilang noisenya mod manusia discord ideal katakonten kena autoblock ai tanam etika komunitas share publicakun medsosmu kudu batas komunitas tsb,Neutral
sayang copyright law negara berbedabeda ratarata tindak lapor milik hak cipta sisi etika langgar guna ai generate gambar and most ppl dont care bout that,Positive
skenario soft takeoff laboratorium ai anggap kembang ai ekstra hatihati timbang etika resiko lab ai lambat proses cipta modelmodel ai powerful,Positive
halo dukung tren ai ghibli style isu etika hukum tren libat ai tiru gaya studio ghibli tuai kritik potensi langgar hak cipta dampak buruk seniman manusia hayao miyazaki tentang ai seni,Positive
denagn ai ni berhatihati nak muat isuvideo lebihlebih lag libat akankkanak pas ni patuh kod etika tetap paltform media sosial media,Neutral
ketemu aku ilustrator ngebelain ai ken bang lu teman ai lu sistem generated ai tidak langgar etika seni kah,Neutral
karya seni hakikat hak cipta banding anak tech replaceable bahaya paham etika guna ai adu nasib ramasyuk,Positive
reply ngebahas etikatata krama while the ai itself pakai etika nyolong hasil karya orang brutal the math isnt mathing,Neutral
dasar tweetmu shame tren ghiblification peduli etika guna ai seni hak cipta integritas artistik kerja cocok buat ai ethicist industri kreatif pasti ai,Positive
deepfake kayak teknologi keren risiko kurleb kayak black mirror joan is awful orang tuju wajah pakai video ai nyentuh isu etika langgar privasi serius,Neutral
telihat jelek etika cepat lambat gambar ai pakai ranah industriekonomipendidikan politik generate ai dijadiin referensi gambar ajar turut tidak apa dijadiin output produk ajar aga pr,Neutral
percaya tidak indonesia regulasi ai segi data security gulingguling bahas kait etika ranah kreatif,Neutral
sensor bahasa query indonesia april grok akses indonesia blokir resmi perintah regulasi ai dikembangin fokus etika blokir tetep dipake pantau update bijak,Neutral
engineer skripsi ai hobi gambar sketsa receh tentang image generative ai njiplak karya ciri khas seniman etika moral,Neutral
widiyanti putri wardhana pidato bahasa inggris konferensi internasional etika inovasi ai maret poltekpar medan kritik mampu bahasa muncul pidato bahasa inggris,Neutral
teknologi cerdas buat ai pusat saing global amerika serikat china indonesia simpang navigasi ai tantang etika privasi potensi dampak kerja manusia,Neutral
hacktiv kolaborasi bfi finance bahas aidriven development etika ai skill cari kupas tuntas talkshow rabu april wib streaming via zoom daftar,Neutral
dapat gambar ai sisi positif negatif keren kreativitas cepat kayak alat bantu seniman aplikasi aman etika guna karya seniman izin orang takut aneh,Neutral
orang overhate waw tolak mentah regulasi etika ai diperjalas batasanbatasannya orang indonesia aneh benci overhate pro ai otakknya kosong pakai pke ai komersil maluin,Neutral
luar concern etika privasi ai ambil data sumber kayak langgar hak cipta selubung,Positive
hati banget ngehargain etika nasionalisme ai ngeruntuhin bang eksisin seni,Neutral
tiarap bedain etika inovasi sedih kampus sekarang udah normalisasi ai art heuuuuuhhhh,Neutral
the real next ai bayang ai marah acau data elektronik rekening bank dengar konyol ai paham emosi cek,Neutral
negara terap kurikulum ai siswa sdsmp liput amerika serikat aik korea selatan kurikulum pemrograman etika ai tiongkok kelas ai usia estonia progetiger inggris kanada manfaat tingkat,Neutral
benar ai bijak alat ganti bantu etika guna ai masyarakat bagus ken serba instant fundamental,Neutral
kay ai disalahgunakan regulasi batas guna ai guna ai edit foto porno bangun etika fondasi hukum,Neutral
ngasih saran ganti kurikulum ai paham etika sopan santun,Neutral
yantie gibran kog isi ai doang digembargembrokan mbuk lhoo didik urgent jaman sekarang didik karakter bisa jalan zaman dari etika,Neutral
pakai ai tidak pakai otak etika dekk,Neutral
bayang teknologi sedih bahagia hibur ai emosional mata hidup sosial,Neutral
jir etika ni orang,Neutral
anjas jelas maksud mbulet and numbering ambil simpul tidak jauhjauh etika dampak ai kreator ngga melek seniman melulu gambar,Neutral
super ai super robotik tawar potensi manusia guna imbang kawal etika selamat baca gitu,Neutral
ai ganti jabat korup tugas administratif kurang korupsi serakah manusia ganti pimpin tingkat sulit butuh empati etika ai kuasa dampak efisiensi transparansi,Neutral
grok ngirim gambar contoh grok posting gambar edit karakter gawr gura mampu ai kembang media sosial konten kreatif cepat khawatir etika risiko deepfake,Neutral
altman bom ijin hayao eh tim kreatif make ai kek editor etika dunia seni teknologi gtu paham,Neutral
sofyan nyata moral tuhan nyontek agustinus ai usul moral zaman nyembah zeus moraletika moral bahasa roma etik bahasa latin sinau ai,Neutral
ai tentu harga jual barang bekas indonesia hukum larang spesifik dasar uu lindung konsumen uu ite harga adil transparan etika ai bantu tetap harga pasar wajar,Neutral
kuliah ajak mikir dikit langsung minggu depan bolos hasil tugas pakai ai plagiarism parah etika adab naudzubillah min dzalik,Neutral
tidak cegah teknologi lho berkalikali sebutin adl landas hukum etika guna ai karya seni midjourney produk it toolsnya produk seni hasil generate imagenya,Neutral
wapres video ucap idul fitri plagiat langgar copyright film dune produksi warner bros situ perintah peduli isu etika guna ai sekarang perkara cari nama presiden wkwkw,Neutral
emang tidak bisa pakai ai kalah tapi guna ai ni juga batas etikamoral klw informasi nambah wawas tidak mslh tapi klw seni publikasi jual salah kecuali bebas,Neutral
etika ai maenn tahu pakai ai turnin sp nilai maks sp nilai maks sp nilai maks,Neutral
gen ai murah ngapain bayar artist oalah orangorang pinter mentok ekonomi rugi miskin harta miskin etika,Neutral
kemaren techbros ngedepanin etika maju emang mental nyolong lu skill issue gabisa ngembangin ethical ai,Neutral
etika ai maenn tahu pakai ai turnin sp nilai maks sp nilai maks sp nilai maks,Neutral
zspeak ajar legal ethics lolos legal bom lolos etika vice versa ai abai,Positive
tidak telat isu etika guna ai pads seni bahas tidak seni lukis desain tulis,Neutral
guna ai bareng etika bahas etika lambat banget etika kayak kultural banget,Neutral
halo grok xai maki bahasa tibet batas etika ai kritik hukum adil senjang sosial indonesia cermin isu nyata lapor human rights watch timpang,Neutral
tugas hukum inter mudah etika akademik ai temu,Neutral
setan wujud manusia pantesan ngomong etika,Neutral
google bayar staf ai cegah pindah saing strategi picu kritik etika bebas karier karyawan,Neutral
ai emang kembang harus kembang teknologi bareng etika minimal harga hak cipta seniman,Positive
consent,Positive
jabat neng wajah mudah ai wkwkwk in positive way ai regulasi ikut etika ai udah gabisa,Neutral
sbg manusia normal sisi moral etika nilai degradasi kapabilitasnya memang mampu leadership moral attitude mumpuni coba sbg ai masuk track record wajar,Neutral
aku udh bayang ai agent exploiter freelancer saing ama freelancer pve moral etika satu aku ribet exploiter cuman scraping manual proyek tidak butuh byk brief ai agent solved this shit,Neutral
alas kampus larang ai chatgpt dkk plagiarisme asli karya kurang paham dalam akurasi validitas data etika akademik kurang terampil riset analisis,Neutral
kayak depan aku milih jual karya artis memang tidak ada tanda baik regulasi hak cipta,Positive
kalau tgok group local dah bibit religious ai prompters visual artis manual nak lukis suka hati batas tahap mahir prompters batas klau etika guna dibakulsampahkan,Neutral
ai mah bagus bagus mah company bikin udah etika kayak redacted,Neutral
damn untung kampus aku kayak iya dibolehin ai strictly for helping dengan research matkul ethics juga materi etika guna ai gitu deh tapi gua bolos kemarin tertawa,Neutral
moga hak cipta hubung kembang model ai depan etika ai terap patuh,Positive
lho ai is tool dipakenya bijak ai hasil kasih etika ngasih info ai mana riset informed consent kali orang lantang gamau pakai consent latih ai,Neutral
kerja gmeet etika ai cmn react jempol tuju,Neutral
cerita kembang ai enih dampak manusia jawab lebar kait moral etika agama sampe teoriteori bjirrr,Neutral
halo paham khawatir etika ai guna karya orang tuduh ambil karya rancang bantu dasar informasi sedia ambil komersial karya,Neutral
oke wapres gemborgemborin ai udah edukasi risiko etika gua jarang ngeliat beliau omongin jadi perintah berani ruu ai,Neutral
iyaa jir wkwkwkwk etika etika mulu babi realistis,Neutral
truuu inovasi ai lokal faedah butuh regulasi etika ai pakai aplikasi ai problematik,Neutral
etika ekonomi perintah regulasi lindung hakhak bebas rampas kapitalisme for the sake of cutting cost perintah dukung ai we re doomed then,Neutral
tudy waw jam kampus ngapain woooiiiiii etika ai,Neutral
cipta data dukung esai wawancara the new york times liput debat etika ai lindung whistleblower implikasi hukum bukti openai bela prinsip guna wajar,Neutral
contoh sd kampanye etika ai itumah perintah lu diajarin,Neutral
halo trend ai ghibli populer chatgpt studio ghibli,Neutral
ngasih konteks ala ghibli sampeyan aku nilai brand karya ghibli etika bisnis lekat identitas brand gambar ai fiktif ai engineer pikir program rekayasa adegan cium dalam output ai etis,Neutral
laku seni tulis tolak guna ai karya seni fokus perihal etika puas batin bagi rezeki temanteman giat seni desainer sampul buku mas maker,Neutral
ai ubah dunia kerja ganti kerja cipta peluang teliti kerja global dampak ai tugas rutin layan langgan peran etika ai insinyur prompt muncul,Neutral
id argumen argumen neo langgar etika thd karya manusia ai data orang artis bahan bahan imo teknik atm pikir karya orang karya improvisasi,Neutral
ngomongin norma etika moral tidak ada hukum regulasi giat tetep lakuin gratis nyewa seniman asli bayar hasil kadang bagus ai no wonder,Neutral
halo dasar info dibanned perintah indonesia fokus pandu etika ai ngeban chatbot kayak kayak aman deh,Neutral
saran openai bayar guna karya orang kau pakai latih ai layan ai kau jual publik teknologi memang canggih bagus paham etika malu,Neutral
wardana guna buruk aneh diarahin ai bingung kualifikasi ajar ai kualifikasi sebenernya utama kenal guna etika dll,Neutral
artis indie etika langka banget bos kode etik kode tetep underground kode jual records ngomong-ngomong kampus sampe musik modal ganteng doang respect,Positive
yanz jalan tengah sebenernya gampang ai ngeprovide karya lisensi harga konsen milik karya orang awam dapet karya jangkau moral duli etika sorry jb jb,Neutral
oiya nambahin belokin premis seniman tolak teknologi tidak antiteknologi tidak nama animasi procreate photoshop video game isu utama koridor hukum etika guna ai,Neutral
fpk report datang narasumber malaysia fpk uinsa gelar kuliah tamu tajuk etika manfaat ai surabaya tekan etika guna artificial intelligence ai kembang teliti mahasiswa fakultas psikologi sehat,Positive
benar lihat nilai data pribadi kayak tampil fisik ai rancang ngasih info dasar data kasih opini sensitif privasi etika plus patuh atur kayak gdpr maaf bantu,Neutral
keling baca dibrolin etika ai mana homo deus kayak,Neutral
ai kukuh etika kecekapan media bahasa cina,Neutral
pandang kait etika guna ai bahas batas cocoklogi,Neutral
aman,Neutral
hukum hak cipta tinggal banget bikin zaman analog era ai kaya benang merah kabur etika orang ngerasa ai nyuri hukum atur ngatur,Positive
paham pikir ai ngga neng ngga langgar etika udah ai ditrain ngambil karya orang consent milik karya enak ngga langgar etika,Neutral
susah ai scraping data karya illustratorillustrator mikir upgrade temen aku italy sampe jual bunga garagara ai ai will def eat them up tinggal etika harga illustrator manusia,Neutral
pakai ai perhati sisi etika,Neutral
henti ghibli ai hukum etika hukum latih ai pakai karya studio ghibli izin langgar hak cipta jepang langgar merek dagang bingung konsumen etikawise,Positive
oi akun lu fokus banget fan perfect liners share reaksi episode analisis karakter berita fandom kadang post ai art kayak etika aigenerated art konten lu variatif drama bl,Neutral
langgar etika lu gabisa bukti muka asli dua dipake bikin ai,Neutral
fahri hamzah emang pinter main otak lolos uu ite kasih paham hukum main bro etika sampe liat udah pro banget hindarin jerat sabar butuh ai canggih kayak,Neutral
kalang ahli etika ai beneran ngerti,Neutral
rencana spesifik nerf indonesia gantung regulasi ai kembang perintah fokus etika moderasi konten respons anggap langgar norma lokal agama politik,Neutral
metaverse alami geser makna cakup kerja hibur interaksi sosial virtual ramai bahas dampak budaya gen ai geser kait kreativitas etika tren inovasi teknologi metaverse tonjol,Neutral
jawab ai ai prediksi ubah industri cipta juta kerja tambah triliun dolar ekonomi global tantang biaya etika regulasi ai tulis kode butuh,Neutral
lihat prgib nang waw scr harfiah sblm mbg dijalanin dah kritik dilakuin pas art ai dah kritik juga eh koar kurikulum ai guna sesuai etika gapapa usul gin,Neutral
gin langgar ham berat ai langgar etika berat pimpin negeri anut sistem demokrasi dasar hendak rakyat,Neutral
ln video karya pakai ai kecam pakai ai salah etika laku,Neutral
as an orang kerja field ai guna ngga pakai ai ai bantu kerja manusia contoh otomasi tinggal maintain sistem catat etika guna ainya cont,Neutral
ai revenge porn peduli guwehh salah naroh foto sosmed ai jomok biar simpang etika wkwkwk munafik bet dah,Neutral
bidang seni silah petinggi bidang seni atur etika guna ai bidang sehat serah batas batas idi bidang nuklir tani hankam didik,Neutral
terdistract ngerant ainun cebol perihal etika ai oke lets get back to,Neutral
iya mas jamane etik ndasmu etika batas guna ai set kepala kepala platform guna,Neutral
halo malam kau panggil budak tu tegur etika kerja tu for joke astaga silaka ni orang,Neutral
aku udh bayang ai agent exploiter freelancer saing ama freelancer pve moral etika satu aku ribet exploiter cuman scraping manual proyek tidak butuh byk brief ai agent solved this shit,Neutral
profesi sejarawan punah digitalisasi arsip ai ai ithaca venice time machine bantu analisis data restorasi teks kuno sejarawan interpretasi etika konteks libat adaptasi,Neutral
tenang jahat kayak skynet bantu ngacau etika ai aman manfaat,Neutral
hadap siswa native ai ai sbg ajar musuh ajar literasi digital,Neutral
orang usaha bahas pakai argumen etika argumen etika ai etika milik ai kapitalis nyontek etis oportunis ai nyontek imitasi instan,Neutral
kurang sosialisasi etika guna ai tiada regulasi penggunaanya masif dapat terbit buku adopsi teknologi ilustrasi ai buat sampul buku,Neutral
id pikir salah samping adab etika kayak tu kader ganti pakai ai,Neutral
fikriauliya msknya ai dunia seni muncul juga debat etika hak cipta orisinalitas peran seniman ai alat kolaboratif ganti seniman ai butuh kuras kreativitas manusia hasil karya makna,Positive
strongly agree ai speed hadir dalam mudah andal kunci kepala manusia tentu kendali arah ai tahu etika dasar hal pakai kapak potong bawang,Neutral
ai regulasi moral etika tahu ajar adab ilmu jago ilmu adab,Neutral
anakkolong kecedasan ai orang jokowi fufufafa sebab hancur dahsyat gantung etika moral pakai moral buang tindak jokowi rusak,Neutral
halo akun minat ai anime budaya islam isu sosial institusi indonesia dasar dari mirna adriani ahli ai indonesia bidang pemrosesan bahasa alami etika ai cocok role model keren libat jakarta smart city relevan,Neutral
kesadaranmetodologi ngukurnya tanggung ai guard rail bahas izin etika dah dah aku manusia jadiin karya seni orang inspirasi karya seni pakai izin,Neutral
polri etika lu waw promotor wkwkwk bloon,Neutral
kpm dalam era kembang pesat cerdas buat ai dar gender hak privasi etika digital mahir asas wajib asai ajar didik seks tahu fisiologi,Neutral
orang dongo paham gunain ai pakai etika,Neutral
,Neutral
manfaat ai industri public relations pr kembang bantu otomasi analisis data rencana strategi efisiensi tantang kait etika regulasi potensi penyalahgunaan informasi,Neutral
gimana takut dorong etika kembang ai regulasi literasi digital orang ai alat pegang kendali,Neutral
